{"bounds":{"east":115.52098274231,"north":38.7754726409912,"south":37.3922252655029,"west":113.45555305481},"contentType":"quantizedmesh","latLonBounds":{"east":115.52098274231,"north":38.7754726409912,"south":37.3922252655029,"west":113.45555305481},"maxzoom":14,"minzoom":0,"proj":4326,"tiletrans":"tms","type":"terrain","ziped":false}